"","scores","V2","V3","deltas"
"independent",2774.6945279386,0.194943459448325,258.039808995832,11.1062277429046
"reactive",2763.71666297076,47.1760698776602,1.06628579217136,0.128362775067217
"causal",2763.58830019569,50.3031730410324,1,0
"complex",2769.73629666516,2.32581362185901,21.6282046713723,6.14799646946858
